timestamp,victim_TEC,attacker_TEC,state
1775571394.5158098,0,0,victim_identification,0,0
1775571395.0162294,0,0,victim_identification,0,0
1775571395.5168257,0,0,victim_identification,0,0
1775571396.017224,0,0,victim_identification,0,0
1775571396.5181394,0,0,victim_identification,0,0
1775571397.0183542,0,0,victim_identification,0,0
1775571397.518589,0,0,victim_identification,0,0
1775571398.0187807,0,0,victim_identification,0,0
1775571398.5189936,0,0,victim_identification,0,0
1775571399.0198753,0,0,victim_identification,0,0
1775571399.5204282,0,0,victim_identification,0,0
1775571400.0206232,0,0,victim_identification,0,0
1775571400.5208156,0,0,victim_identification,0,0
1775571401.0212471,0,0,victim_identification,0,0
1775571401.5216439,0,0,victim_identification,0,0
1775571402.0219994,0,0,victim_identification,0,0
1775571402.5223088,0,0,victim_identification,0,0
1775571403.0226173,0,0,victim_identification,0,0
1775571403.5228171,0,0,victim_identification,0,0
1775571404.0233517,0,0,victim_identification,0,0
1775571404.5235438,0,0,victim_identification,0,0
1775571405.0270095,0,0,victim_identification,0,0
1775571405.532441,0,0,victim_identification,0,0
1775571406.0326378,0,0,victim_identification,0,0
1775571406.5328536,0,0,victim_identification,0,0
1775571407.0330536,0,0,victim_identification,0,0
1775571407.5410345,0,0,victim_identification,0,0
1775571408.0494232,0,0,victim_identification,0,0
1775571408.5496218,0,0,victim_identification,0,0
1775571409.0498283,0,0,victim_identification,0,0
1775571409.55005,0,0,victim_identification,0,0
1775571410.051141,0,0,victim_identification,0,0
1775571410.5635555,0,0,victim_identification,0,0
1775571411.063762,0,0,victim_identification,0,0
1775571411.564182,0,0,victim_identification,0,0
1775571412.0645936,0,0,victim_identification,0,0
1775571412.5647948,0,0,victim_identification,0,0
1775571413.0652,0,0,victim_identification,0,0
1775571413.5657954,0,0,victim_identification,0,0
1775571414.0664482,0,0,victim_identification,0,0
1775571414.5666435,0,0,victim_identification,0,0
1775571415.0687544,0,0,victim_identification,0,0
1775571415.5769246,0,0,victim_identification,0,0
1775571416.0771384,0,0,victim_identification,0,0
1775571416.5775697,0,0,victim_identification,0,0
1775571417.077771,0,0,victim_identification,0,0
1775571417.5779712,0,0,victim_identification,0,0
1775571418.088434,0,0,victim_identification,0,0
1775571418.6032972,0,0,victim_identification,0,0
1775571419.1198194,0,0,victim_identification,0,0
1775571419.6201775,0,0,victim_identification,0,0
1775571420.120443,0,0,victim_identification,0,0
1775571420.6213107,0,0,victim_identification,0,0
1775571421.121879,0,0,victim_identification,0,0
1775571421.6264195,0,0,victim_identification,0,0
1775571422.1274066,0,0,victim_identification,0,0
1775571422.6293836,0,0,victim_identification,0,0
1775571423.1297054,0,0,victim_identification,0,0
1775571423.6299121,0,0,victim_identification,0,0
1775571424.1301043,0,0,victim_identification,0,0
1775571424.6303172,0,0,victim_identification,0,0
1775571425.1309474,0,0,victim_identification,0,0
1775571425.6311736,0,0,victim_identification,0,0
1775571426.1314058,0,0,victim_identification,0,0
1775571426.6316137,0,0,victim_identification,0,0
1775571427.131818,0,0,victim_identification,0,0
1775571427.6322067,0,0,victim_identification,0,0
1775571428.1324253,0,0,victim_identification,0,0
1775571428.6326325,0,0,victim_identification,0,0
1775571429.1328373,0,0,victim_identification,0,0
1775571429.6330404,0,0,victim_identification,0,0
1775571430.1332457,0,0,victim_identification,0,0
1775571430.6334667,0,0,victim_identification,0,0
1775571431.1338906,0,0,victim_identification,0,0
1775571431.6340902,0,0,victim_identification,0,0
1775571432.1345222,0,0,victim_identification,0,0
1775571432.6375299,0,0,victim_identification,0,0
1775571433.1441824,0,0,victim_identification,0,0
1775571433.644615,0,0,victim_identification,0,0
1775571434.1448169,0,0,victim_identification,0,0
1775571434.6450286,0,0,victim_identification,0,0
1775571435.1452308,0,0,victim_identification,0,0
1775571435.6457646,0,0,victim_identification,0,0
1775571436.146302,0,0,victim_identification,0,0
1775571436.6494396,0,0,victim_identification,0,0
1775571437.1557198,0,0,victim_identification,0,0
1775571437.655928,0,0,victim_identification,0,0
1775571438.1564755,0,0,victim_identification,0,0
1775571438.6569767,0,0,victim_identification,0,0
1775571439.1571846,0,0,victim_identification,0,0
1775571439.7611275,0,0,victim_identification,0,0
1775571440.2671552,0,0,victim_identification,0,0
1775571440.7673917,0,0,victim_identification,0,0
1775571441.2679129,0,0,victim_identification,0,0
1775571441.7681189,0,0,victim_identification,0,0
1775571442.2686248,0,0,victim_identification,0,0
1775571442.7711546,0,0,victim_identification,0,0
1775571443.2715707,0,0,victim_identification,0,0
1775571443.7719913,0,0,victim_identification,0,0
1775571444.2722163,0,0,victim_identification,0,0
1775571444.772441,0,0,victim_identification,0,0
1775571445.3869355,0,0,victim_identification,0,0
1775571445.8922298,0,0,victim_identification,0,0
1775571446.3924298,0,0,victim_identification,0,0
1775571446.8926184,0,0,victim_identification,0,0
1775571447.3927755,0,0,victim_identification,0,0
1775571447.8930159,0,0,victim_identification,0,0
1775571448.3932514,0,0,victim_identification,0,0
1775571448.893438,0,0,victim_identification,0,0
1775571449.3935654,0,0,victim_identification,0,0
1775571449.894055,0,0,victim_identification,0,0
1775571450.3942232,0,0,victim_identification,0,0
1775571450.89551,0,0,victim_identification,0,0
1775571451.4146092,0,0,victim_identification,0,0
1775571451.9148235,0,0,victim_identification,0,0
1775571452.415034,0,0,victim_identification,0,0
1775571452.9152248,0,0,victim_identification,0,0
1775571453.4154537,0,0,victim_identification,0,0
1775571453.915993,0,0,victim_identification,0,0
1775571454.4162052,0,0,victim_identification,0,0
1775571454.917711,0,0,victim_identification,0,0
1775571455.4234505,0,0,victim_identification,0,0
1775571455.9236639,0,0,victim_identification,0,0
1775571456.4346676,0,0,victim_identification,0,0
1775571456.9535878,0,0,victim_identification,0,0
1775571457.4540684,0,0,victim_identification,0,0
1775571457.9543276,0,0,victim_identification,0,0
1775571458.4547389,0,0,victim_identification,0,0
1775571458.9549458,0,0,victim_identification,0,0
1775571459.455376,0,0,victim_identification,0,0
1775571459.9559827,0,0,victim_identification,0,0
1775571460.456175,0,0,victim_identification,0,0
1775571460.9564018,0,0,victim_identification,0,0
1775571461.4600937,0,0,victim_identification,0,0
1775571461.960337,0,0,victim_identification,0,0
1775571462.4605386,0,0,victim_identification,0,0
1775571462.9607444,0,0,victim_identification,0,0
1775571463.4622412,0,0,victim_identification,0,0
1775571463.9624538,0,0,victim_identification,0,0
1775571464.4626493,0,0,victim_identification,0,0
1775571464.962884,0,0,victim_identification,0,0
1775571465.4630854,0,0,victim_identification,0,0
1775571465.9632971,0,0,victim_identification,0,0
1775571466.4635315,0,0,victim_identification,0,0
1775571466.9637496,0,0,victim_identification,0,0
1775571467.4641926,0,0,victim_identification,0,0
1775571467.9644444,0,0,victim_identification,0,0
1775571468.469216,0,0,victim_identification,0,0
1775571468.969442,0,0,victim_identification,0,0
1775571469.469635,0,0,victim_identification,0,0
1775571469.9699244,0,0,victim_identification,0,0
1775571470.4701188,0,0,victim_identification,0,0
1775571470.970552,0,0,victim_identification,0,0
1775571471.4707484,0,0,victim_identification,0,0
1775571471.9710925,0,0,victim_identification,0,0
1775571472.4713054,0,0,victim_identification,0,0
1775571472.9715233,0,0,victim_identification,0,0
1775571473.47172,0,0,victim_identification,0,0
1775571473.9719238,0,0,victim_identification,0,0
1775571474.4721441,0,0,victim_identification,0,0
1775571474.9726784,0,0,victim_identification,0,0
1775571475.4728937,0,0,victim_identification,0,0
1775571475.9780633,0,0,victim_identification,0,0
1775571476.4790897,0,0,victim_identification,0,0
1775571476.979348,0,0,victim_identification,0,0
1775571477.4826422,0,0,victim_identification,0,0
1775571477.9829047,0,0,victim_identification,0,0
1775571478.4831235,0,0,victim_identification,0,0
1775571478.9833233,0,0,victim_identification,0,0
1775571479.4835246,0,0,victim_identification,0,0
1775571479.983718,0,0,victim_identification,0,0
1775571480.4839158,0,0,victim_identification,0,0
1775571480.984127,0,0,victim_identification,0,0
1775571481.4897447,0,0,victim_identification,0,0
1775571481.9919016,0,0,victim_identification,0,0
1775571482.492102,0,0,victim_identification,0,0
1775571482.9926395,0,0,victim_identification,0,0
1775571483.4927995,0,0,victim_identification,0,0
1775571483.993002,0,0,victim_identification,0,0
1775571484.4932084,0,0,victim_identification,0,0
1775571484.9934258,0,0,victim_identification,0,0
1775571485.493636,0,0,victim_identification,0,0
1775571485.9938414,0,0,victim_identification,0,0
1775571486.4940464,0,0,victim_identification,0,0
1775571486.9942684,0,0,victim_identification,0,0
1775571487.4945114,0,0,victim_identification,0,0
1775571487.9998076,0,0,victim_identification,0,0
1775571488.5002646,0,0,victim_identification,0,0
1775571489.0005043,0,0,victim_identification,0,0
1775571489.5008872,0,0,victim_identification,0,0
1775571490.0011094,0,0,victim_identification,0,0
1775571490.50141,0,0,victim_identification,0,0
1775571491.0016346,0,0,victim_identification,0,0
1775571491.5080633,0,0,victim_identification,0,0
1775571492.0084386,0,0,victim_identification,0,0
1775571492.5086663,0,0,victim_identification,0,0
1775571493.0088928,0,0,victim_identification,0,0
1775571493.5093176,0,0,victim_identification,0,0
1775571494.009888,0,0,victim_identification,0,0
1775571494.5101674,0,0,victim_identification,0,0
1775571495.0123053,0,0,victim_identification,0,0
1775571495.5191743,0,0,victim_identification,0,0
1775571496.0196996,0,0,victim_identification,0,0
1775571496.5351188,0,0,victim_identification,0,0
1775571497.035438,0,0,victim_identification,0,0
1775571497.5371945,0,0,victim_identification,0,0
1775571498.037798,0,0,victim_identification,0,0
1775571498.5384939,0,0,victim_identification,0,0
1775571499.0387123,0,0,victim_identification,0,0
1775571499.5389194,0,0,victim_identification,0,0
1775571500.1153097,0,0,victim_identification,0,0
1775571500.6223047,0,0,victim_identification,0,0
1775571501.1228573,0,0,victim_identification,0,0
1775571501.6230555,0,0,victim_identification,0,0
1775571502.1232736,0,0,victim_identification,0,0
1775571502.6234741,0,0,victim_identification,0,0
1775571503.123766,0,0,victim_identification,0,0
1775571503.6290786,0,0,victim_identification,0,0
1775571504.1293135,0,0,victim_identification,0,0
1775571504.62953,0,0,victim_identification,0,0
1775571505.1297505,0,0,victim_identification,0,0
1775571505.6303058,0,0,victim_identification,0,0
1775571506.1306043,0,0,victim_identification,0,0
1775571506.6308205,0,0,victim_identification,0,0
1775571507.1313145,0,0,victim_identification,0,0
1775571507.6315727,0,0,victim_identification,0,0
1775571508.1325717,0,0,victim_identification,0,0
1775571508.6329587,0,0,victim_identification,0,0
1775571509.1331687,0,0,victim_identification,0,0
1775571509.6395411,0,0,victim_identification,0,0
1775571510.1399565,0,0,victim_identification,0,0
1775571510.6401527,0,0,victim_identification,0,0
1775571511.1403716,0,0,victim_identification,0,0
1775571511.6461778,0,0,victim_identification,0,0
1775571512.191807,0,0,victim_identification,0,0
1775571512.6920578,0,0,victim_identification,0,0
1775571513.1922576,0,0,victim_identification,0,0
1775571513.692819,0,0,victim_identification,0,0
1775571514.1933413,0,0,victim_identification,0,0
1775571514.693565,0,0,victim_identification,0,0
1775571515.1937578,0,0,victim_identification,0,0
1775571515.6939523,0,0,victim_identification,0,0
1775571516.1992376,0,0,victim_identification,0,0
1775571516.6994631,0,0,victim_identification,0,0
1775571517.2003298,0,0,victim_identification,0,0
1775571517.700521,0,0,victim_identification,0,0
1775571518.201002,0,0,victim_identification,0,0
1775571518.701507,0,0,victim_identification,0,0
1775571519.2099528,0,0,victim_identification,0,0
1775571519.7103276,0,0,victim_identification,0,0
1775571520.2106485,0,0,victim_identification,0,0
1775571520.7108474,0,0,victim_identification,0,0
1775571521.211046,0,0,victim_identification,0,0
1775571521.7112598,0,0,victim_identification,0,0
1775571522.2114806,0,0,victim_identification,0,0
1775571522.713791,0,0,victim_identification,0,0
1775571523.219067,0,0,victim_identification,0,0
1775571523.7192435,0,0,victim_identification,0,0
1775571524.2198246,0,0,victim_identification,0,0
1775571524.7202969,0,0,victim_identification,0,0
1775571525.220525,0,0,victim_identification,0,0
1775571525.721941,0,0,victim_identification,0,0
1775571526.2352161,0,0,victim_identification,0,0
1775571526.7353988,0,0,victim_identification,0,0
1775571527.2355595,0,0,victim_identification,0,0
1775571527.7358184,0,0,victim_identification,0,0
1775571528.2360072,0,0,victim_identification,0,0
1775571528.736202,0,0,victim_identification,0,0
1775571529.236402,0,0,victim_identification,0,0
1775571529.736604,0,0,victim_identification,0,0
1775571530.2368143,0,0,victim_identification,0,0
1775571530.7373865,0,0,victim_identification,0,0
1775571531.2375765,0,0,victim_identification,0,0
1775571531.7445064,0,0,victim_identification,0,0
1775571532.2464535,0,0,victim_identification,0,0
1775571532.7466466,0,0,victim_identification,0,0
1775571533.2468624,0,0,victim_identification,0,0
1775571533.7505076,0,0,victim_identification,0,0
1775571534.2507594,0,0,victim_identification,0,0
1775571534.7524188,0,0,victim_identification,0,0
1775571535.269202,0,0,victim_identification,0,0
1775571535.7697198,0,0,victim_identification,0,0
1775571536.269923,0,0,victim_identification,0,0
1775571536.7741947,0,0,victim_identification,0,0
1775571537.2874196,0,0,victim_identification,0,0
1775571537.7876105,0,0,victim_identification,0,0
1775571538.287909,0,0,victim_identification,0,0
1775571538.7883427,0,0,victim_identification,0,0
1775571539.2889624,0,0,victim_identification,0,0
1775571539.7891707,0,0,victim_identification,0,0
1775571540.3350513,0,0,victim_identification,0,0
1775571540.8352678,0,0,victim_identification,0,0
1775571541.3355217,0,0,victim_identification,0,0
1775571541.8357267,0,0,victim_identification,0,0
1775571542.3397975,0,0,victim_identification,0,0
1775571542.8400204,0,0,victim_identification,0,0
1775571543.3402202,0,0,victim_identification,0,0
1775571543.8404286,0,0,victim_identification,0,0
1775571544.3406262,0,0,victim_identification,0,0
1775571544.8410544,0,0,victim_identification,0,0
1775571545.3412936,0,0,victim_identification,0,0
1775571545.86942,0,0,victim_identification,0,0
1775571546.3896735,0,0,victim_identification,0,0
1775571546.8901165,0,0,victim_identification,0,0
1775571547.3903162,0,0,victim_identification,0,0
1775571547.89074,0,0,victim_identification,0,0
1775571548.391273,0,0,victim_identification,0,0
1775571548.9097633,0,0,victim_identification,0,0
1775571549.4100614,0,0,victim_identification,0,0
1775571549.9105608,0,0,victim_identification,0,0
1775571550.4107635,0,0,victim_identification,0,0
1775571550.9160202,0,0,victim_identification,0,0
1775571551.4215057,0,0,victim_identification,0,0
1775571551.9219484,0,0,victim_identification,0,0
1775571552.4222126,0,0,victim_identification,0,0
1775571552.9225268,0,0,victim_identification,0,0
1775571553.422725,0,0,victim_identification,0,0
1775571553.9361837,0,0,victim_identification,0,0
1775571554.436613,0,0,victim_identification,0,0
1775571554.9368067,0,0,victim_identification,0,0
1775571555.4372325,0,0,victim_identification,0,0
1775571555.9655504,0,0,victim_identification,0,0
1775571556.465756,0,0,victim_identification,0,0
1775571556.9659967,0,0,victim_identification,0,0
1775571557.466217,0,0,victim_identification,0,0
1775571557.9664395,0,0,victim_identification,0,0
1775571558.4669843,0,0,victim_identification,0,0
1775571558.9673078,0,0,victim_identification,0,0
1775571559.4725995,0,0,victim_identification,0,0
1775571559.983252,0,0,victim_identification,0,0
1775571560.4836445,0,0,victim_identification,0,0
1775571560.9838643,0,0,victim_identification,0,0
1775571561.4840827,0,0,victim_identification,0,0
1775571561.9845328,0,0,victim_identification,0,0
1775571562.4847279,0,0,victim_identification,0,0
1775571562.9855318,0,0,victim_identification,0,0
1775571563.4857793,0,0,victim_identification,0,0
1775571563.9861877,0,0,victim_identification,0,0
1775571564.4866376,0,0,victim_identification,0,0
1775571564.988592,0,0,victim_identification,0,0
1775571565.492916,0,0,victim_identification,0,0
1775571565.9931653,0,0,victim_identification,0,0
1775571566.493396,0,0,victim_identification,0,0
1775571566.998486,0,0,victim_identification,0,0
1775571567.5059094,0,0,victim_identification,0,0
1775571568.0062776,0,0,victim_identification,0,0
1775571568.50663,0,0,victim_identification,0,0
1775571569.006828,0,0,victim_identification,0,0
1775571569.507026,0,0,victim_identification,0,0
1775571570.0129166,0,0,victim_identification,0,0
1775571570.523264,0,0,victim_identification,0,0
1775571571.0235164,0,0,victim_identification,0,0
1775571571.5237207,0,0,victim_identification,0,0
1775571572.0239303,0,0,victim_identification,0,0
1775571572.5318773,0,0,victim_identification,0,0
1775571573.03724,0,0,victim_identification,0,0
1775571573.5374613,0,0,victim_identification,0,0
1775571574.0383031,0,0,victim_identification,0,0
1775571574.53861,0,0,victim_identification,0,0
1775571575.0388134,0,0,victim_identification,0,0
1775571575.53902,0,0,victim_identification,0,0
1775571576.0396025,0,0,victim_identification,0,0
1775571576.5402527,0,0,victim_identification,0,0
1775571577.0404754,0,0,victim_identification,0,0
1775571577.5406802,0,0,victim_identification,0,0
1775571578.0462642,0,0,victim_identification,0,0
1775571578.5528963,0,0,victim_identification,0,0
1775571579.0585835,0,0,victim_identification,0,0
1775571579.5587533,0,0,victim_identification,0,0
1775571580.0589285,0,0,victim_identification,0,0
1775571580.559123,0,0,victim_identification,0,0
1775571581.0594778,0,0,victim_identification,0,0
1775571581.5653462,0,0,victim_identification,0,0
1775571582.0656152,0,0,victim_identification,0,0
1775571582.565803,0,0,victim_identification,0,0
1775571583.0659938,0,0,victim_identification,0,0
1775571583.5662026,0,0,victim_identification,0,0
1775571584.1688619,0,0,victim_identification,0,0
1775571584.6691997,0,0,victim_identification,0,0
1775571585.1694021,0,0,victim_identification,0,0
1775571585.669604,0,0,victim_identification,0,0
1775571586.169807,0,0,victim_identification,0,0
1775571586.669976,0,0,victim_identification,0,0
1775571587.1701488,0,0,victim_identification,0,0
1775571587.6703444,0,0,victim_identification,0,0
1775571588.1705523,0,0,victim_identification,0,0
1775571588.6708987,0,0,victim_identification,0,0
1775571589.1711352,0,0,victim_identification,0,0
1775571589.7537403,0,0,victim_identification,0,0
1775571590.2640057,0,0,victim_identification,0,0
1775571590.76418,0,0,victim_identification,0,0
1775571591.264367,0,0,victim_identification,0,0
1775571591.764579,0,0,victim_identification,0,0
1775571592.2649546,0,0,victim_identification,0,0
1775571592.765453,0,0,victim_identification,0,0
1775571593.2707038,0,0,victim_identification,0,0
1775571593.7790372,0,0,victim_identification,0,0
1775571594.2795613,0,0,victim_identification,0,0
1775571594.7797678,0,0,victim_identification,0,0
1775571595.3567502,0,0,victim_identification,0,0
1775571595.8623474,0,0,victim_identification,0,0
1775571596.3625424,0,0,victim_identification,0,0
1775571596.8627493,0,0,victim_identification,0,0
1775571597.3629544,0,0,victim_identification,0,0
1775571597.8635128,0,0,victim_identification,0,0
1775571598.3637269,0,0,victim_identification,0,0
1775571598.8639398,0,0,victim_identification,0,0
1775571599.372715,0,0,victim_identification,0,0
1775571599.8730946,0,0,victim_identification,0,0
1775571600.3736594,0,0,victim_identification,0,0
1775571600.8741984,0,0,victim_identification,0,0
1775571601.3744357,0,0,victim_identification,0,0
1775571601.8746877,0,0,victim_identification,0,0
1775571602.3748918,0,0,victim_identification,0,0
1775571602.8750875,0,0,victim_identification,0,0
1775571603.3753037,0,0,victim_identification,0,0
1775571603.8755205,0,0,victim_identification,0,0
1775571604.3760724,0,0,victim_identification,0,0
1775571604.8765507,0,0,victim_identification,0,0
1775571605.3767555,0,0,victim_identification,0,0
1775571605.8773181,0,0,victim_identification,0,0
1775571606.3853993,0,0,victim_identification,0,0
1775571606.888579,0,0,victim_identification,0,0
1775571607.388778,0,0,victim_identification,0,0
1775571607.8892744,0,0,victim_identification,0,0
1775571608.389503,0,0,victim_identification,0,0
1775571608.8900986,0,0,victim_identification,0,0
1775571609.4046872,0,0,victim_identification,0,0
1775571609.9049463,0,0,victim_identification,0,0
1775571610.4051583,0,0,victim_identification,0,0
1775571610.9053645,0,0,victim_identification,0,0
1775571611.4058797,0,0,victim_identification,0,0
1775571611.912151,0,0,victim_identification,0,0
1775571612.4250467,0,0,victim_identification,0,0
1775571612.9252963,0,0,victim_identification,0,0
1775571613.425516,0,0,victim_identification,0,0
1775571613.9257004,0,0,victim_identification,0,0
1775571614.4258523,0,0,victim_identification,0,0
1775571614.9261746,0,0,victim_identification,0,0
1775571615.4264026,0,0,victim_identification,0,0
1775571615.9271815,0,0,victim_identification,0,0
1775571616.4275694,0,0,victim_identification,0,0
1775571616.9278648,0,0,victim_identification,0,0
1775571617.4309475,0,0,victim_identification,0,0
1775571618.063842,0,0,victim_identification,0,0
1775571618.574497,0,0,victim_identification,0,0
1775571619.074977,0,0,victim_identification,0,0
1775571619.575273,0,0,victim_identification,0,0
1775571620.0755453,0,0,victim_identification,0,0
1775571620.576206,0,0,victim_identification,0,0
1775571621.0764525,0,0,victim_identification,0,0
1775571621.5817313,0,0,victim_identification,0,0
1775571622.081955,0,0,victim_identification,0,0
1775571622.582187,0,0,victim_identification,0,0
1775571623.082457,0,0,victim_identification,0,0
1775571623.5826735,0,0,victim_identification,0,0
1775571624.08287,0,0,victim_identification,0,0
1775571624.583067,0,0,victim_identification,0,0
1775571625.0879602,0,0,victim_identification,0,0
1775571625.5883813,0,0,victim_identification,0,0
1775571626.0885773,0,0,victim_identification,0,0
1775571626.589185,0,0,victim_identification,0,0
1775571627.0894434,0,0,victim_identification,0,0
1775571627.5896547,0,0,victim_identification,0,0
1775571628.1078286,0,0,victim_identification,0,0
1775571628.6082578,0,0,victim_identification,0,0
1775571629.108491,0,0,victim_identification,0,0
1775571629.6092436,0,0,victim_identification,0,0
1775571630.1094213,0,0,victim_identification,0,0
1775571630.6096296,0,0,victim_identification,0,0
1775571631.1098297,0,0,victim_identification,0,0
1775571631.6100552,0,0,victim_identification,0,0
1775571632.1105704,0,0,victim_identification,0,0
1775571632.6107998,0,0,victim_identification,0,0
1775571633.1125796,0,0,victim_identification,0,0
1775571633.6128998,0,0,victim_identification,0,0
1775571634.113104,0,0,victim_identification,0,0
1775571634.6135526,0,0,victim_identification,0,0
1775571635.113982,0,0,victim_identification,0,0
1775571635.6141882,0,0,victim_identification,0,0
1775571636.1144066,0,0,victim_identification,0,0
1775571636.6149461,0,0,victim_identification,0,0
1775571637.1186962,0,0,victim_identification,0,0
1775571637.6192315,0,0,victim_identification,0,0
1775571638.1194425,0,0,victim_identification,0,0
1775571638.6197407,0,0,victim_identification,0,0
1775571639.1202433,0,0,victim_identification,0,0
1775571639.620489,0,0,victim_identification,0,0
1775571640.1241343,0,0,victim_identification,0,0
1775571640.752357,0,0,victim_identification,0,0
1775571641.2631743,0,0,victim_identification,0,0
1775571641.763391,0,0,victim_identification,0,0
1775571642.263597,0,0,victim_identification,0,0
1775571642.7637835,0,0,victim_identification,0,0
1775571643.2639463,0,0,victim_identification,0,0
1775571643.7649057,0,0,victim_identification,0,0
1775571644.265152,0,0,victim_identification,0,0
1775571644.765363,0,0,victim_identification,0,0
1775571645.2661488,0,0,victim_identification,0,0
1775571645.7665467,0,0,victim_identification,0,0
1775571646.2898512,0,0,victim_identification,0,0
1775571646.7903993,0,0,victim_identification,0,0
1775571647.2905982,0,0,victim_identification,0,0
1775571647.7908242,0,0,victim_identification,0,0
1775571648.2912247,0,0,victim_identification,0,0
1775571648.7950459,0,0,victim_identification,0,0
1775571649.3168254,0,0,victim_identification,0,0
1775571649.818314,0,0,victim_identification,0,0
1775571650.3227124,0,0,victim_identification,0,0
1775571650.8235312,0,0,victim_identification,0,0
1775571651.323724,0,0,victim_identification,0,0
1775571651.8239143,0,0,victim_identification,0,0
1775571652.324353,0,0,victim_identification,0,0
1775571652.8442802,0,0,victim_identification,0,0
1775571653.3451064,0,0,victim_identification,0,0
1775571653.8453107,0,0,victim_identification,0,0
1775571654.345597,0,0,victim_identification,0,0
1775571654.8458169,0,0,victim_identification,0,0
1775571655.34602,0,0,victim_identification,0,0
1775571655.8462157,0,0,victim_identification,0,0
1775571656.3464768,0,0,victim_identification,0,0
1775571656.8466513,0,0,victim_identification,0,0
1775571657.3491611,0,0,victim_identification,0,0
1775571657.849411,0,0,victim_identification,0,0
1775571658.3496199,0,0,victim_identification,0,0
1775571658.867306,0,0,victim_identification,0,0
1775571659.3680704,0,0,victim_identification,0,0
1775571659.8683019,0,0,victim_identification,0,0
1775571660.3746972,0,0,victim_identification,0,0
1775571660.8831775,0,0,victim_identification,0,0
1775571661.383396,0,0,victim_identification,0,0
1775571661.8839052,0,0,victim_identification,0,0
1775571662.386505,0,0,victim_identification,0,0
1775571662.8883014,0,0,victim_identification,0,0
1775571663.3889706,0,0,victim_identification,0,0
1775571663.8891814,0,0,victim_identification,0,0
1775571664.4025583,0,0,victim_identification,0,0
1775571664.9028094,0,0,victim_identification,0,0
1775571665.40301,0,0,victim_identification,0,0
1775571665.9032066,0,0,victim_identification,0,0
1775571666.412007,0,0,victim_identification,0,0
1775571666.9122007,0,0,victim_identification,0,0
1775571667.4124162,0,0,victim_identification,0,0
1775571667.912833,0,0,victim_identification,0,0
1775571668.4133985,0,0,victim_identification,0,0
1775571668.9578044,0,0,victim_identification,0,0
1775571669.4695442,0,0,victim_identification,0,0
1775571669.9697666,0,0,victim_identification,0,0
1775571670.4705102,0,0,victim_identification,0,0
1775571670.9707074,0,0,victim_identification,0,0
1775571671.4757664,0,0,victim_identification,0,0
1775571671.9759905,0,0,victim_identification,0,0
1775571672.4761918,0,0,victim_identification,0,0
1775571672.9764206,0,0,victim_identification,0,0
1775571673.476623,0,0,victim_identification,0,0
1775571673.9768271,0,0,victim_identification,0,0
1775571674.4772394,0,0,victim_identification,0,0
1775571674.9774833,0,0,victim_identification,0,0
1775571675.477699,0,0,victim_identification,0,0
1775571675.9779093,0,0,victim_identification,0,0
1775571676.4781277,0,0,victim_identification,0,0
1775571676.9783432,0,0,victim_identification,0,0
1775571677.478549,0,0,victim_identification,0,0
1775571677.9791281,0,0,victim_identification,0,0
1775571678.5469785,0,0,victim_identification,0,0
1775571679.0473394,0,0,victim_identification,0,0
1775571679.5475643,0,0,victim_identification,0,0
1775571680.047776,0,0,victim_identification,0,0
1775571680.5482514,0,0,victim_identification,0,0
1775571681.0586474,0,0,victim_identification,0,0
1775571681.5588608,0,0,victim_identification,0,0
1775571682.0595977,0,0,victim_identification,0,0
1775571682.5600388,0,0,victim_identification,0,0
1775571683.060269,0,0,victim_identification,0,0
1775571683.5606005,0,0,victim_identification,0,0
1775571684.1332438,0,0,victim_identification,0,0
1775571684.6406412,0,0,victim_identification,0,0
1775571685.1408496,0,0,victim_identification,0,0
1775571685.6410975,0,0,victim_identification,0,0
1775571686.141302,0,0,victim_identification,0,0
1775571686.642231,0,0,victim_identification,0,0
1775571687.1480536,0,0,victim_identification,0,0
1775571687.648567,0,0,victim_identification,0,0
1775571688.1489725,0,0,victim_identification,0,0
1775571688.6493332,0,0,victim_identification,0,0
1775571689.1495996,0,0,victim_identification,0,0
1775571689.7319486,0,0,victim_identification,0,0
1775571690.2477393,0,0,victim_identification,0,0
1775571690.7479355,0,0,victim_identification,0,0
1775571691.2481258,0,0,victim_identification,0,0
1775571691.7489443,0,0,victim_identification,0,0
1775571692.249147,0,0,victim_identification,0,0
1775571692.749363,0,0,victim_identification,0,0
1775571693.2508826,0,0,victim_identification,0,0
1775571693.7516825,0,0,victim_identification,0,0
1775571694.2524061,0,0,victim_identification,0,0
1775571694.7526357,0,0,victim_identification,0,0
1775571695.2528708,0,0,victim_identification,0,0
1775571695.7609015,0,0,victim_identification,0,8
1775571696.2613013,0,0,victim_identification,0,8
1775571696.761934,0,0,victim_identification,0,8
1775571697.262579,0,0,victim_identification,0,16
1775571697.7629075,0,0,victim_identification,0,16
1775571698.268193,11,0,target_monitoring,0,16
1775571698.774566,19,0,target_monitoring,0,24
1775571699.2748036,19,0,attacker_inference,0,24
1775571699.7752633,19,0,attacker_inference,0,24
1775571700.275511,19,0,attacker_inference,0,32
1775571700.7760935,19,0,attacker_inference,0,32
1775571701.2763498,19,0,attacker_inference,0,32
1775571701.7765725,19,0,attacker_inference,0,40
1775571702.2768154,19,0,victim_identification,0,40
1775571702.7770326,19,0,victim_identification,0,40
1775571703.2773867,19,0,victim_identification,0,48
1775571703.7850256,19,0,victim_identification,0,48
1775571704.2852447,19,0,victim_identification,0,56
1775571704.7855437,19,0,victim_identification,0,56
1775571705.2860713,51,0,target_monitoring,0,56
1775571705.786304,51,0,attacker_inference,0,64
1775571706.288728,51,0,attacker_inference,0,64
1775571706.7889607,51,0,attacker_inference,0,64
1775571707.2997756,51,0,attacker_inference,0,72
1775571707.8073134,51,0,attacker_inference,0,72
1775571708.30753,51,0,attacker_inference,0,80
1775571708.8080146,51,0,victim_identification,0,80
1775571709.3299167,51,0,victim_identification,0,88
1775571709.836111,51,0,victim_identification,0,88
1775571710.3365877,51,0,victim_identification,0,88
1775571710.836804,51,0,victim_identification,0,88
1775571711.348768,51,0,victim_identification,0,88
1775571711.8501165,70,0,target_monitoring,0,88
1775571712.3545732,70,0,attacker_inference,0,88
1775571712.8758898,70,0,attacker_inference,0,88
1775571713.3791132,70,0,attacker_inference,0,88
1775571713.8826396,70,0,attacker_inference,0,88
1775571714.3916929,70,0,attacker_inference,0,88
1775571714.8974512,70,0,attacker_inference,0,88
1775571715.397827,67,38,pattern_recognition,0,39
1775571715.8980398,67,38,pattern_recognition,0,39
1775571716.4015234,67,38,pattern_recognition,0,47
1775571716.9017434,67,38,pattern_recognition,0,47
1775571717.4022207,67,38,pattern_recognition,0,47
1775571717.9026036,67,38,pattern_recognition,0,55
1775571718.402857,80,54,pattern_recognition,0,55
1775571718.9031057,80,54,pattern_recognition,0,55
1775571719.4033031,80,54,pattern_recognition,0,63
1775571719.9035866,80,54,pattern_recognition,0,63
1775571720.404212,80,54,pattern_recognition,0,63
1775571720.9090586,80,54,pattern_recognition,0,71
1775571721.412668,92,70,pattern_recognition,0,71
1775571721.9141843,92,70,pattern_recognition,0,71
1775571722.4143977,92,70,pattern_recognition,0,79
1775571722.9148772,92,70,pattern_recognition,0,79
1775571723.4150858,92,70,pattern_recognition,0,79
1775571723.915296,92,70,pattern_recognition,0,79
1775571724.4154959,106,84,pattern_recognition,0,82
1775571724.9197855,106,84,pattern_recognition,0,82
1775571725.4250684,106,84,pattern_recognition,0,82
1775571725.925471,106,84,pattern_recognition,0,82
1775571726.4287298,106,84,pattern_recognition,0,90
1775571726.9405334,106,84,pattern_recognition,0,90
1775571727.4451084,112,82,pattern_recognition,0,90
1775571727.945327,112,82,pattern_recognition,0,90
1775571728.4529674,112,82,pattern_recognition,0,90
1775571728.9531937,112,82,pattern_recognition,0,90
1775571729.454207,112,82,pattern_recognition,0,90
1775571729.980353,112,82,pattern_recognition,0,90
1775571730.492055,112,58,pattern_recognition,0,90
1775571730.9926012,112,58,pattern_recognition,0,90
1775571731.5195656,112,58,pattern_recognition,0,90
1775571732.0431447,112,58,pattern_recognition,0,90
1775571732.5541313,112,58,pattern_recognition,0,90
1775571733.0546043,112,58,pattern_recognition,0,35
1775571733.5549874,109,34,pattern_recognition,0,35
1775571734.0551958,109,34,pattern_recognition,0,35
1775571734.5554214,109,34,pattern_recognition,0,43
1775571735.0664952,109,34,pattern_recognition,0,43
1775571735.5668476,109,34,pattern_recognition,0,43
1775571736.0670593,109,34,pattern_recognition,0,43
1775571736.5672653,123,50,pattern_recognition,0,51
1775571737.0677822,123,50,pattern_recognition,0,51
1775571737.568186,123,50,pattern_recognition,0,51
1775571738.0684373,123,50,pattern_recognition,0,59
1775571738.619973,123,50,pattern_recognition,0,59
1775571739.138951,137,66,pattern_recognition,0,59
1775571739.6393578,137,66,pattern_recognition,0,67
1775571740.1398964,137,66,pattern_recognition,0,67
1775571740.6402,137,66,pattern_recognition,0,75
1775571741.1404204,137,66,pattern_recognition,0,75
1775571741.640631,137,66,pattern_recognition,0,75
1775571742.1408362,149,81,pattern_recognition,0,82
1775571742.6410484,149,81,pattern_recognition,0,82
1775571743.1767268,149,81,pattern_recognition,0,82
1775571743.6930442,149,81,pattern_recognition,0,82
1775571744.1932774,149,81,pattern_recognition,0,90
1775571744.699414,149,81,pattern_recognition,0,90
1775571745.1996815,156,79,pattern_recognition,0,90
1775571745.699903,156,79,pattern_recognition,0,90
1775571746.2001402,156,79,pattern_recognition,0,90
1775571746.7037838,156,79,pattern_recognition,0,90
1775571747.2090552,156,79,pattern_recognition,0,90
1775571747.750594,156,79,pattern_recognition,0,90
1775571748.2590108,154,52,pattern_recognition,0,90
1775571748.7694328,154,52,pattern_recognition,0,90
1775571749.2696497,154,52,pattern_recognition,0,90
1775571749.769865,154,52,pattern_recognition,0,40
1775571750.276621,154,52,pattern_recognition,0,40
1775571750.7770686,154,52,pattern_recognition,0,40
1775571751.2776542,152,39,pattern_recognition,0,40
1775571751.7778716,152,39,pattern_recognition,0,48
1775571752.2780921,152,39,pattern_recognition,0,48
1775571752.7786553,152,39,pattern_recognition,0,48
1775571753.2788768,152,39,pattern_recognition,0,56
1775571753.7790928,152,39,pattern_recognition,0,56
1775571754.2843726,163,55,pattern_recognition,0,56
1775571754.784592,163,55,pattern_recognition,0,56
1775571755.4264598,163,55,pattern_recognition,0,64
1775571755.9298573,163,55,pattern_recognition,0,64
1775571756.430083,163,55,pattern_recognition,0,72
1775571756.9305444,163,55,pattern_recognition,0,72
1775571757.430777,184,79,pattern_recognition,0,80
1775571757.9360464,184,79,pattern_recognition,0,78
1775571758.4362934,184,79,pattern_recognition,0,78
1775571758.9365509,184,79,pattern_recognition,0,78
1775571759.4369836,184,79,pattern_recognition,0,84
1775571759.9372163,184,79,pattern_recognition,0,84
1775571760.4374657,198,91,pattern_recognition,0,92
1775571760.9380956,198,91,pattern_recognition,0,92
1775571761.4433486,198,91,pattern_recognition,0,92
1775571761.9546556,198,91,pattern_recognition,0,92
1775571762.4567227,198,91,pattern_recognition,0,92
1775571762.9799316,198,91,pattern_recognition,0,92
1775571763.4804509,195,68,pattern_recognition,0,92
1775571763.9808574,195,68,pattern_recognition,0,92
1775571764.4861166,195,68,pattern_recognition,0,92
1775571764.986379,195,68,pattern_recognition,0,92
1775571765.486589,195,68,pattern_recognition,0,92
1775571765.98923,195,68,pattern_recognition,0,92
1775571766.500919,195,43,pattern_recognition,0,92
1775571767.001183,195,43,pattern_recognition,0,39
1775571767.504365,195,43,pattern_recognition,0,39
1775571768.0222037,195,43,pattern_recognition,0,47
1775571768.5225768,195,43,pattern_recognition,0,47
1775571769.0229468,195,43,pattern_recognition,0,47
1775571769.5251017,199,46,pattern_recognition,1,47
1775571770.030664,199,46,pattern_recognition,1,55
1775571770.5308695,199,46,pattern_recognition,1,55
1775571771.031111,199,46,pattern_recognition,1,55
1775571771.53142,199,46,pattern_recognition,1,55
1775571772.0316427,199,46,pattern_recognition,1,55
1775571772.53354,206,54,pattern_recognition,1,55
1775571773.0338123,206,54,pattern_recognition,1,55
1775571773.5388107,206,54,pattern_recognition,1,55
1775571774.0473132,206,54,pattern_recognition,1,55
1775571774.5646586,206,54,pattern_recognition,1,55
1775571775.0648887,206,54,pattern_recognition,1,55
1775571775.5651028,206,54,pattern_recognition,1,55
1775571776.0653365,206,54,pattern_recognition,1,55
1775571776.5656106,206,54,pattern_recognition,1,55
1775571777.0708675,206,54,pattern_recognition,1,55
1775571777.5795321,206,54,pattern_recognition,1,55
1775571778.080177,206,54,pattern_recognition,1,55
1775571778.6876733,206,54,pattern_recognition,1,55
1775571779.1878912,206,54,pattern_recognition,1,55
1775571779.6881773,206,54,pattern_recognition,1,55
1775571780.1885016,206,54,pattern_recognition,1,55
1775571780.688728,206,54,pattern_recognition,1,55
1775571781.18896,206,54,pattern_recognition,1,55
1775571781.6892037,206,54,pattern_recognition,1,55
1775571782.1894474,206,54,pattern_recognition,1,55
1775571782.690911,206,54,pattern_recognition,1,55
1775571783.1915739,206,54,pattern_recognition,1,55
1775571783.6918046,206,54,pattern_recognition,1,55
1775571784.1921105,206,54,pattern_recognition,1,55
1775571784.6923728,206,54,pattern_recognition,1,55
1775571785.1930134,206,54,pattern_recognition,1,55
1775571785.6931934,206,54,pattern_recognition,1,55
1775571786.1936553,206,54,pattern_recognition,1,55
1775571786.6941903,206,54,pattern_recognition,1,55
1775571787.1945372,206,54,pattern_recognition,1,55
1775571787.7041795,206,54,pattern_recognition,1,55
1775571788.204457,206,54,pattern_recognition,1,55
1775571788.704672,206,54,pattern_recognition,1,55
1775571789.2049663,206,54,pattern_recognition,1,55
1775571789.7051842,206,54,pattern_recognition,1,55
1775571790.2058926,206,54,victim_identification,0,55
1775571790.7105842,206,54,victim_identification,0,55
1775571791.2111363,206,54,victim_identification,0,55
1775571791.7113538,206,54,victim_identification,0,55
1775571792.211552,206,54,victim_identification,0,55
1775571792.7117693,206,54,victim_identification,0,55
1775571793.2122104,206,54,victim_identification,0,55
1775571793.712624,206,54,victim_identification,0,55
1775571794.2128615,206,54,victim_identification,0,55
1775571794.7181747,206,54,victim_identification,0,55
1775571795.218429,206,54,victim_identification,0,55
1775571795.7566621,206,54,victim_identification,0,55
1775571796.2625682,206,54,victim_identification,0,55
1775571796.7628021,206,54,victim_identification,0,55
1775571797.2630062,206,54,victim_identification,0,55
